{
  "labels": [
    "left",
    "right",
    "up",
    "down",
    "zoomIn",
    "zoomOut"
  ],
  "test_loss": 0.08546698247944867,
  "test_acc": 0.9703703703703703,
  "confusion_matrix": [
    [
      42,
      0,
      3,
      0,
      0,
      0
    ],
    [
      0,
      43,
      2,
      0,
      0,
      0
    ],
    [
      1,
      2,
      42,
      0,
      0,
      0
    ],
    [
      0,
      0,
      0,
      45,
      0,
      0
    ],
    [
      0,
      0,
      0,
      0,
      45,
      0
    ],
    [
      0,
      0,
      0,
      0,
      0,
      45
    ]
  ],
  "train_size": 1260,
  "val_size": 270,
  "test_size": 270,
  "device": "cpu",
  "bandpass_8_30": true,
  "zscore": true,
  "seed": 42
}